title,original_price,sale_price,upper,ground,len_score,foot_score,weight(g),image_url,url,silo_x,brand,silo_y,silo_kor,position1,position2,position3,feature
나이키 더 프리미어 III FG ,129000,83000,"소가죽, 합성가죽",천연잔디,3.0,2.0,251,https://www.crazy11.co.kr/shopimages/winv007/001004002954.jpg?1733717970,https://www.crazy11.co.kr/shop/shopdetail.html?branduid=806910&xcode=257&mcode=001&scode=005&type=Y&sort=order&cur_code=257&search=&GfDT=aWp3Ulo%3D,프리미어,NIKE,premier,프리미어,,,,power
나이키 줌 머큐리얼 베이퍼 15 MDS 아카데미 FGMG ,109000,69000,합성가죽,"천연잔디, 인조잔디, 맨땅",3.0,2.0,,https://www.crazy11.co.kr/shopimages/winv007/001004002896.jpg?1733718005,https://www.crazy11.co.kr/shop/shopdetail.html?branduid=805770&xcode=257&mcode=001&scode=001&type=Y&sort=order&cur_code=257&search=&GfDT=Zmp3Ulg%3D,머큐리얼,NIKE,mercurial,머큐리얼,FW, MF,,speed
나이키 줌 머큐리얼 베이퍼 15 아카데미 FGMG ,109000,89000,합성가죽,"천연잔디, 인조잔디, 맨땅",3.0,2.0,222,https://www.crazy11.co.kr/shopimages/winv007/001004002986.jpg?1733717955,https://www.crazy11.co.kr/shop/shopdetail.html?branduid=807297&xcode=257&mcode=001&scode=001&type=Y&sort=order&cur_code=257&search=&GfDT=bGt3UF8%3D,머큐리얼,NIKE,mercurial,머큐리얼,FW, MF,,speed
나이키 줌 머큐리얼 베이퍼 16 MDS 아카데미 FGMG ,119000,91000,합성가죽,"천연잔디, 인조잔디, 맨땅",3.0,2.0,195,https://www.crazy11.co.kr/shopimages/winv007/001004003044.jpg?1733717888,https://www.crazy11.co.kr/shop/shopdetail.html?branduid=808761&xcode=257&mcode=001&scode=001&type=Y&sort=order&cur_code=257&search=&GfDT=bmh8W15D,머큐리얼,NIKE,mercurial,머큐리얼,FW, MF,,speed
나이키 줌 머큐리얼 베이퍼 16 아카데미 FGMG ,109000,83000,합성가죽,"천연잔디, 인조잔디, 맨땅",3.0,2.0,195,https://www.crazy11.co.kr/shopimages/winv007/001004003051.jpg?1736321682,https://www.crazy11.co.kr/shop/shopdetail.html?branduid=809074&xcode=257&mcode=001&scode=001&type=Y&sort=order&cur_code=257&search=&GfDT=a2p3VQ%3D%3D,머큐리얼,NIKE,mercurial,머큐리얼,FW, MF,,speed
나이키 줌 머큐리얼 베이퍼 16 아카데미 HG ,109000,81000,합성가죽,맨땅,3.0,3.0,207,https://www.crazy11.co.kr/shopimages/winv007/001004003052.jpg?1736321664,https://www.crazy11.co.kr/shop/shopdetail.html?branduid=809075&xcode=257&mcode=001&scode=001&type=Y&sort=order&cur_code=257&search=&GfDT=a213VA%3D%3D,머큐리얼,NIKE,mercurial,머큐리얼,FW, MF,,speed
나이키 줌 머큐리얼 베이퍼 16 아카데미 KM FGMG 킬리안 음바페 ,119000,93000,합성가죽,"천연잔디, 인조잔디, 맨땅",3.0,2.0,195,https://www.crazy11.co.kr/shopimages/winv007/001004003025.jpg?1733717915,https://www.crazy11.co.kr/shop/shopdetail.html?branduid=808190&xcode=257&mcode=001&scode=001&type=Y&sort=order&cur_code=257&search=&GfDT=bml7W1Q%3D,머큐리얼,NIKE,mercurial,머큐리얼,FW, MF,,speed
나이키 줌 머큐리얼 베이퍼 16 엘리트 AG-PRO  ,299000,299000,합성가죽,인조잔디,3.0,3.0,160,https://www.crazy11.co.kr/shopimages/winv007/001004003053.jpg?1736727160,https://www.crazy11.co.kr/shop/shopdetail.html?branduid=809133&xcode=257&mcode=001&scode=001&type=Y&sort=order&cur_code=257&search=&GfDT=Z2t3Uw%3D%3D,머큐리얼,NIKE,mercurial,머큐리얼,FW, MF,,speed
나이키 줌 머큐리얼 베이퍼 16 엘리트 FG  ,299000,299000,합성가죽,천연잔디,3.0,3.0,166,https://www.crazy11.co.kr/shopimages/winv007/001004003046.jpg?1736727128,https://www.crazy11.co.kr/shop/shopdetail.html?branduid=809031&xcode=257&mcode=001&scode=001&type=Y&sort=order&cur_code=257&search=&GfDT=bm9%2FW10%3D,머큐리얼,NIKE,mercurial,머큐리얼,FW, MF,,speed
나이키 줌 머큐리얼 베이퍼 16 엘리트 FG NU1  ,309000,309000,합성가죽,천연잔디,3.0,3.0,166,https://www.crazy11.co.kr/shopimages/winv007/001004003063.jpg?1739172759,https://www.crazy11.co.kr/shop/shopdetail.html?branduid=809386&xcode=257&mcode=001&scode=001&type=Y&sort=order&cur_code=257&search=&GfDT=bml9W15E,머큐리얼,NIKE,mercurial,머큐리얼,FW, MF,,speed
나이키 줌 머큐리얼 수퍼플라이 10 MDS 엘리트 FG  ,339000,339000,합성가죽,천연잔디,3.0,3.0,169,https://www.crazy11.co.kr/shopimages/winv007/001004003042.jpg?1733717888,https://www.crazy11.co.kr/shop/shopdetail.html?branduid=808725&xcode=257&mcode=001&scode=001&type=Y&sort=order&cur_code=257&search=&GfDT=bm51W15M,머큐리얼,NIKE,mercurial,머큐리얼,FW, MF,,speed
나이키 줌 머큐리얼 수퍼플라이 10 엘리트 FG  ,329000,329000,합성가죽,천연잔디,3.0,3.0,169,https://www.crazy11.co.kr/shopimages/winv007/001004003045.jpg?1736727096,https://www.crazy11.co.kr/shop/shopdetail.html?branduid=809030&xcode=257&mcode=001&scode=001&type=Y&sort=order&cur_code=257&search=&GfDT=bm10W1w%3D,머큐리얼,NIKE,mercurial,머큐리얼,FW, MF,,speed
나이키 줌 머큐리얼 수퍼플라이 10 엘리트 FG NU1  ,339000,339000,합성가죽,천연잔디,3.0,3.0,169,https://www.crazy11.co.kr/shopimages/winv007/001004003062.jpg?1739172698,https://www.crazy11.co.kr/shop/shopdetail.html?branduid=809385&xcode=257&mcode=001&scode=001&type=Y&sort=order&cur_code=257&search=&GfDT=bm19W11N,머큐리얼,NIKE,mercurial,머큐리얼,FW, MF,,speed
나이키 줌 머큐리얼 수퍼플라이 9 MDS 엘리트 FG  ,339000,219000,합성가죽,천연잔디,3.0,2.0,,https://www.crazy11.co.kr/shopimages/winv007/001004002943.jpg?1733717976,https://www.crazy11.co.kr/shop/shopdetail.html?branduid=806509&xcode=257&mcode=001&scode=001&type=Y&sort=order&cur_code=257&search=&GfDT=Zml3UFU%3D,머큐리얼,NIKE,mercurial,머큐리얼,FW, MF,,speed
나이키 티엠포 레전드 10 아카데미 30 FGMG ,109000,89000,합성가죽,"천연잔디, 인조잔디, 맨땅",3.0,2.0,,https://www.crazy11.co.kr/shopimages/winv007/001004002958.jpg?1733717964,https://www.crazy11.co.kr/shop/shopdetail.html?branduid=807079&xcode=257&mcode=001&scode=003&type=Y&sort=order&cur_code=257&search=&GfDT=bm95W11N,티엠포,NIKE,tiempo,티엠포, MF,,,control
나이키 티엠포 레전드 10 아카데미 FGMG ,109000,83000,합성가죽,"천연잔디, 인조잔디, 맨땅",3.0,2.0,,https://www.crazy11.co.kr/shopimages/winv007/001004003032.jpg?1733717894,https://www.crazy11.co.kr/shop/shopdetail.html?branduid=808596&xcode=257&mcode=001&scode=003&type=Y&sort=order&cur_code=257&search=&GfDT=a2Z3VA%3D%3D,티엠포,NIKE,tiempo,티엠포, MF,,,control
나이키 티엠포 레전드 10 아카데미 HG ,109000,79000,합성가죽,맨땅,4.0,2.0,226,https://www.crazy11.co.kr/shopimages/winv007/001004002987.jpg?1733717955,https://www.crazy11.co.kr/shop/shopdetail.html?branduid=807298&xcode=257&mcode=001&scode=003&type=Y&sort=order&cur_code=257&search=&GfDT=Z2h3UF4%3D,티엠포,NIKE,tiempo,티엠포, MF,,,control
나이키 티엠포 레전드 10 엘리트 AG-PRO  ,269000,269000,"합성가죽, 니트",인조잔디,4.0,2.0,192,https://www.crazy11.co.kr/shopimages/winv007/001004003034.jpg?1733717894,https://www.crazy11.co.kr/shop/shopdetail.html?branduid=808600&xcode=257&mcode=001&scode=003&type=Y&sort=order&cur_code=257&search=&GfDT=a253Uls%3D,티엠포,NIKE,tiempo,티엠포, MF,,,control
나이키 티엠포 레전드 10 엘리트 FG  ,269000,269000,"합성가죽, 니트",천연잔디,4.0,2.0,186,https://www.crazy11.co.kr/shopimages/winv007/001004003049.jpg?1736726937,https://www.crazy11.co.kr/shop/shopdetail.html?branduid=809071&xcode=257&mcode=001&scode=003&type=Y&sort=order&cur_code=257&search=&GfDT=bmh8W1o%3D,티엠포,NIKE,tiempo,티엠포, MF,,,control
나이키 티엠포 레전드 10 엘리트 FG AS  ,289000,199000,"합성가죽, 니트",천연잔디,4.0,2.0,186,https://www.crazy11.co.kr/shopimages/winv007/001004002966.jpg?1733717964,https://www.crazy11.co.kr/shop/shopdetail.html?branduid=807151&xcode=257&mcode=001&scode=003&type=Y&sort=order&cur_code=257&search=&GfDT=bWt3UFs%3D,티엠포,NIKE,tiempo,티엠포, MF,,,control
나이키 티엠포 레전드 10 엘리트 FG NU1  ,289000,289000,"합성가죽, 니트",천연잔디,4.0,2.0,186,https://www.crazy11.co.kr/shopimages/winv007/001004003060.jpg?1739172630,https://www.crazy11.co.kr/shop/shopdetail.html?branduid=809383&xcode=257&mcode=001&scode=003&type=Y&sort=order&cur_code=257&search=&GfDT=bm16W15G,티엠포,NIKE,tiempo,티엠포, MF,,,control
나이키 티엠포 레전드 9 엘리트 FG  ,269000,134000,"캥거루, 합성가죽",천연잔디,3.0,3.0,207,https://www.crazy11.co.kr/shopimages/winv007/001004002851.jpg?1733718018,https://www.crazy11.co.kr/shop/shopdetail.html?branduid=805113&xcode=257&mcode=001&scode=003&type=Y&sort=order&cur_code=257&search=&GfDT=b2V8Ug%3D%3D,티엠포,NIKE,tiempo,티엠포, MF,,,control
나이키 팬텀 GX II 아카데미 FGMG ,99000,85000,합성가죽,"천연잔디, 인조잔디, 맨땅",4.0,2.0,220,https://www.crazy11.co.kr/shopimages/winv007/001004002937.jpg?1733717985,https://www.crazy11.co.kr/shop/shopdetail.html?branduid=806395&xcode=257&mcode=001&scode=002&type=Y&sort=order&cur_code=257&search=&GfDT=bm97W15C,팬텀,NIKE,phantom,팬텀,FW, MF,,control
나이키 팬텀 GX II 아카데미 FGMG EH ,119000,89000,합성가죽,"천연잔디, 인조잔디, 맨땅",4.0,2.0,,https://www.crazy11.co.kr/shopimages/winv007/001004003058.jpg?1737598840,https://www.crazy11.co.kr/shop/shopdetail.html?branduid=809179&xcode=257&mcode=001&scode=002&type=Y&sort=order&cur_code=257&search=&GfDT=bmx7W14%3D,팬텀,NIKE,phantom,팬텀,FW, MF,,control
나이키 팬텀 GX II 아카데미 HG,109000,81000,합성가죽,맨땅,4.0,2.0,225,https://www.crazy11.co.kr/shopimages/winv007/001004003057.jpg?1736409595,https://www.crazy11.co.kr/shop/shopdetail.html?branduid=809166&xcode=257&mcode=001&scode=002&type=Y&sort=order&cur_code=257&search=&GfDT=aWp3Ulg%3D,팬텀,NIKE,phantom,팬텀,FW, MF,,control
나이키 팬텀 GX II 아카데미 HG ,109000,79000,합성가죽,맨땅,4.0,2.0,225,https://www.crazy11.co.kr/shopimages/winv007/001004002982.jpg?1733717954,https://www.crazy11.co.kr/shop/shopdetail.html?branduid=807291&xcode=257&mcode=001&scode=002&type=Y&sort=order&cur_code=257&search=&GfDT=bml%2FW11B,팬텀,NIKE,phantom,팬텀,FW, MF,,control
나이키 팬텀 GX II 아카데미 MG ,109000,79000,합성가죽,"천연잔디, 인조잔디, 맨땅",3.0,3.0,194,https://www.crazy11.co.kr/shopimages/winv007/001004002992.jpg?1733717955,https://www.crazy11.co.kr/shop/shopdetail.html?branduid=807370&xcode=257&mcode=001&scode=002&type=Y&sort=order&cur_code=257&search=&GfDT=bmp6W11F,팬텀,NIKE,phantom,팬텀,FW, MF,,control
나이키 팬텀 GX II 엘리트 AG-PRO  ,299000,299000,"합성가죽, 니트",인조잔디,4.0,4.0,180,https://www.crazy11.co.kr/shopimages/winv007/001004003054.jpg?1736726987,https://www.crazy11.co.kr/shop/shopdetail.html?branduid=809141&xcode=257&mcode=001&scode=002&type=Y&sort=order&cur_code=257&search=&GfDT=aWd3Ulo%3D,팬텀,NIKE,phantom,팬텀,FW, MF,,control
나이키 팬텀 GX II 엘리트 FG  ,299000,299000,"합성가죽, 니트",천연잔디,4.0,3.0,184,https://www.crazy11.co.kr/shopimages/winv007/001004003056.jpg?1736727023,https://www.crazy11.co.kr/shop/shopdetail.html?branduid=809164&xcode=257&mcode=001&scode=002&type=Y&sort=order&cur_code=257&search=&GfDT=bm94W19B,팬텀,NIKE,phantom,팬텀,FW, MF,,control
나이키 팬텀 GX II 엘리트 FG EH  ,309000,309000,"합성가죽, 니트",천연잔디,4.0,3.0,184,https://www.crazy11.co.kr/shopimages/winv007/001004003059.jpg?1737436681,https://www.crazy11.co.kr/shop/shopdetail.html?branduid=809180&xcode=257&mcode=001&scode=002&type=Y&sort=order&cur_code=257&search=&GfDT=Z2t3UA%3D%3D,팬텀,NIKE,phantom,팬텀,FW, MF,,control
나이키 팬텀 GX II 엘리트 FG NU1  ,309000,309000,"합성가죽, 니트",천연잔디,4.0,3.0,184,https://www.crazy11.co.kr/shopimages/winv007/001004003061.jpg?1739172664,https://www.crazy11.co.kr/shop/shopdetail.html?branduid=809384&xcode=257&mcode=001&scode=002&type=Y&sort=order&cur_code=257&search=&GfDT=Zmd3U10%3D,팬텀,NIKE,phantom,팬텀,FW, MF,,control
나이키 팬텀 GX II 프로 AG-PRO ,179000,147000,합성가죽,인조잔디,4.0,3.0,198,https://www.crazy11.co.kr/shopimages/winv007/001004003021.jpg?1733717929,https://www.crazy11.co.kr/shop/shopdetail.html?branduid=807963&xcode=257&mcode=001&scode=002&type=Y&sort=order&cur_code=257&search=&GfDT=bmx0W19E,팬텀,NIKE,phantom,팬텀,FW, MF,,control
나이키 팬텀 GX 아카데미 FGMG ,99000,59000,합성가죽,"천연잔디, 인조잔디, 맨땅",3.0,1.0,220,https://www.crazy11.co.kr/shopimages/winv007/001004002881.jpg?1733718003,https://www.crazy11.co.kr/shop/shopdetail.html?branduid=805555&xcode=257&mcode=001&scode=002&type=Y&sort=order&cur_code=257&search=&GfDT=bmx8W18%3D,팬텀,NIKE,phantom,팬텀,FW, MF,,control
나이키 팬텀 루나 II 아카데미 MG ,129000,99000,합성가죽,"천연잔디, 인조잔디, 맨땅",3.0,2.0,196,https://www.crazy11.co.kr/shopimages/winv007/001004002995.jpg?1733717956,https://www.crazy11.co.kr/shop/shopdetail.html?branduid=807373&xcode=257&mcode=001&scode=002&type=Y&sort=order&cur_code=257&search=&GfDT=amt3WQ%3D%3D,팬텀,NIKE,phantom,팬텀,FW, MF,,control
나이키 팬텀 루나 II 엘리트 FG  ,329000,329000,"합성가죽, 니트",천연잔디,4.0,4.0,190,https://www.crazy11.co.kr/shopimages/winv007/001004003055.jpg?1736727062,https://www.crazy11.co.kr/shop/shopdetail.html?branduid=809142&xcode=257&mcode=001&scode=002&type=Y&sort=order&cur_code=257&search=&GfDT=am53UlQ%3D,팬텀,NIKE,phantom,팬텀,FW, MF,,control
나이키 팬텀 루나 II 엘리트 FG AS  ,339000,239000,"합성가죽, 니트",천연잔디,4.0,4.0,190,https://www.crazy11.co.kr/shopimages/winv007/001004002965.jpg?1721882079,https://www.crazy11.co.kr/shop/shopdetail.html?branduid=807150&xcode=257&mcode=001&scode=002&type=Y&sort=order&cur_code=257&search=&GfDT=aGl3UFQ%3D,팬텀,NIKE,phantom,팬텀,FW, MF,,control
나이키 팬텀 루나 엘리트 FG  ,329000,169000,"인조가죽, 합성가죽, 니트",천연잔디,3.0,1.0,208,https://www.crazy11.co.kr/shopimages/winv007/001004002903.jpg?1733718005,https://www.crazy11.co.kr/shop/shopdetail.html?branduid=805850&xcode=257&mcode=001&scode=002&type=Y&sort=order&cur_code=257&search=&GfDT=aWV%2FVw%3D%3D,팬텀,NIKE,phantom,팬텀,FW, MF,,control
미즈노 모나르시다 네오 III SW MD ,159000,119000,인조가죽,"천연잔디, 인조잔디, 맨땅",2.0,4.0,220,https://www.crazy11.co.kr/shopimages/winv007/001002001022.jpg?1733717978,https://www.crazy11.co.kr/shop/shopdetail.html?branduid=806802&xcode=257&mcode=003&scode=002&type=Y&sort=order&cur_code=257&search=&GfDT=a2Z3Vg%3D%3D,모나르시다,mizuno,monarcida,모나르시다, MF, DF,,comfortable
미즈노 모나르시다 네오 III 엘리트 MD ,209000,159000,"캥거루, 인조가죽","천연잔디, 인조잔디, 맨땅",2.0,3.0,166,https://www.crazy11.co.kr/shopimages/winv007/001002001043.jpg?1733717916,https://www.crazy11.co.kr/shop/shopdetail.html?branduid=808294&xcode=257&mcode=003&scode=002&type=Y&sort=order&cur_code=257&search=&GfDT=bm97W1k%3D,모나르시다,mizuno,monarcida,모나르시다, MF, DF,,comfortable
미즈노 모나르시다 네오 셀렉트 III AG ,99000,75000,인조가죽,인조잔디,2.0,4.0,190,https://www.crazy11.co.kr/shopimages/winv007/001002001033.jpg?1733717928,https://www.crazy11.co.kr/shop/shopdetail.html?branduid=807954&xcode=257&mcode=003&scode=002&type=Y&sort=order&cur_code=257&search=&GfDT=Z2V5,모나르시다,mizuno,monarcida,모나르시다, MF, DF,,comfortable
미즈노 모나르시다 네오 셀렉트 III AG 와이드 ,99000,79000,인조가죽,인조잔디,2.0,3.0,223,https://www.crazy11.co.kr/shopimages/winv007/001002001053.jpg?1733717887,https://www.crazy11.co.kr/shop/shopdetail.html?branduid=808665&xcode=257&mcode=003&scode=002&type=Y&sort=order&cur_code=257&search=&GfDT=bW53Ulw%3D,모나르시다,mizuno,monarcida,모나르시다, MF, DF,,comfortable
미즈노 모나르시다 네오 셀렉트 III MD ,99000,73000,"인조가죽, 합성가죽","천연잔디, 인조잔디, 맨땅",3.0,2.0,216,https://www.crazy11.co.kr/shopimages/winv007/001002001010.jpg?1733717976,https://www.crazy11.co.kr/shop/shopdetail.html?branduid=806485&xcode=257&mcode=003&scode=002&type=Y&sort=order&cur_code=257&search=&GfDT=bGx3U10%3D,모나르시다,mizuno,monarcida,모나르시다, MF, DF,,comfortable
미즈노 모나르시다 네오 셀렉트 III MD 와이드 ,99000,79000,"인조가죽, 합성가죽","천연잔디, 인조잔디, 맨땅",2.0,4.0,210,https://www.crazy11.co.kr/shopimages/winv007/001002001052.jpg?1733717887,https://www.crazy11.co.kr/shop/shopdetail.html?branduid=808664&xcode=257&mcode=003&scode=002&type=Y&sort=order&cur_code=257&search=&GfDT=bWl3Ul0%3D,모나르시다,mizuno,monarcida,모나르시다, MF, DF,,comfortable
미즈노 모렐리아 II JP  ,279000,225000,"캥거루, 인조가죽","천연잔디, 인조잔디, 맨땅",2.0,3.0,202,https://www.crazy11.co.kr/shopimages/winv007/001002001063.jpg?1738714290,https://www.crazy11.co.kr/shop/shopdetail.html?branduid=809378&xcode=257&mcode=003&scode=001&type=Y&sort=order&cur_code=257&search=&GfDT=bmt7W15H,모렐리아,mizuno,morelia,모렐리아,MF, DF, FW,speed
미즈노 모렐리아 II 엘리트 MD ,219000,175000,"캥거루, 인조가죽","천연잔디, 인조잔디, 맨땅",3.0,2.0,238,https://www.crazy11.co.kr/shopimages/winv007/001002001039.jpg?1733717924,https://www.crazy11.co.kr/shop/shopdetail.html?branduid=808157&xcode=257&mcode=003&scode=001&type=Y&sort=order&cur_code=257&search=&GfDT=bm17W11B,모렐리아,mizuno,morelia,모렐리아,MF, DF, FW,speed
미즈노 모렐리아 II 클럽 MD,99000,77000,인조가죽,"천연잔디, 인조잔디",3.0,1.0,208,https://www.crazy11.co.kr/shopimages/winv007/001002001061.jpg?1736150019,https://www.crazy11.co.kr/shop/shopdetail.html?branduid=809137&xcode=257&mcode=003&scode=001&type=Y&sort=order&cur_code=257&search=&GfDT=bmt5W1s%3D,모렐리아,mizuno,morelia,모렐리아,MF, DF, FW,speed
미즈노 모렐리아 II 클럽 MD ,99000,75000,인조가죽,"천연잔디, 인조잔디",3.0,1.0,208,https://www.crazy11.co.kr/shopimages/winv007/001002001065.jpg?1738713973,https://www.crazy11.co.kr/shop/shopdetail.html?branduid=809381&xcode=257&mcode=003&scode=001&type=Y&sort=order&cur_code=257&search=&GfDT=bmp%2FW15C,모렐리아,mizuno,morelia,모렐리아,MF, DF, FW,speed
미즈노 모렐리아 II 프로 MD,179000,129000,"캥거루, 인조가죽","천연잔디, 인조잔디",2.0,2.0,,https://www.crazy11.co.kr/shopimages/winv007/001002001066.jpg?1738735419,https://www.crazy11.co.kr/shop/shopdetail.html?branduid=809404&xcode=257&mcode=003&scode=001&type=Y&sort=order&cur_code=257&search=&GfDT=bml1W15B,모렐리아,mizuno,morelia,모렐리아,MF, DF, FW,speed
미즈노 모렐리아 II 프로 MD ,179000,139000,"캥거루, 인조가죽","천연잔디, 인조잔디",2.0,2.0,227,https://www.crazy11.co.kr/shopimages/winv007/001002001040.jpg?1733717914,https://www.crazy11.co.kr/shop/shopdetail.html?branduid=808158&xcode=257&mcode=003&scode=001&type=Y&sort=order&cur_code=257&search=&GfDT=a2V8VQ%3D%3D,모렐리아,mizuno,morelia,모렐리아,MF, DF, FW,speed
미즈노 모렐리아 네오 IV JP  ,309000,253000,"캥거루, 인조가죽","천연잔디, 인조잔디, 맨땅",2.0,3.0,192,https://www.crazy11.co.kr/shopimages/winv007/001002001050.jpg?1733717886,https://www.crazy11.co.kr/shop/shopdetail.html?branduid=808662&xcode=257&mcode=003&scode=003&type=Y&sort=order&cur_code=257&search=&GfDT=amh3Ul8%3D,모렐리아 네오,mizuno,morelia neo,모렐리아 네오,MF, FW, DF,speed
미즈노 모렐리아 네오 IV JP MD  ,309000,254000,"캥거루, 인조가죽","천연잔디, 인조잔디, 맨땅",2.0,3.0,192,https://www.crazy11.co.kr/shopimages/winv007/001002001056.jpg?1736144932,https://www.crazy11.co.kr/shop/shopdetail.html?branduid=809110&xcode=257&mcode=003&scode=003&type=Y&sort=order&cur_code=257&search=&GfDT=bWt3UF4%3D,모렐리아 네오,mizuno,morelia neo,모렐리아 네오,MF, FW, DF,speed
미즈노 모렐리아 네오 IV 베타  ,339000,269000,"캥거루, 인조가죽, 합성가죽","천연잔디, 인조잔디, 맨땅",2.0,2.0,190,https://www.crazy11.co.kr/shopimages/winv007/001002001004.jpg?1714610267,https://www.crazy11.co.kr/shop/shopdetail.html?branduid=806293&xcode=257&mcode=003&scode=003&type=Y&sort=order&cur_code=257&search=&GfDT=Z2t3Uw%3D%3D,모렐리아 네오,mizuno,morelia neo,모렐리아 네오,MF, FW, DF,speed
미즈노 모렐리아 네오 IV 베타 MD  ,339000,275000,"캥거루, 인조가죽, 합성가죽","천연잔디, 인조잔디, 맨땅",2.0,2.0,190,https://www.crazy11.co.kr/shopimages/winv007/001002001055.jpg?1736145085,https://www.crazy11.co.kr/shop/shopdetail.html?branduid=809109&xcode=257&mcode=003&scode=003&type=Y&sort=order&cur_code=257&search=&GfDT=bm94W11H,모렐리아 네오,mizuno,morelia neo,모렐리아 네오,MF, FW, DF,speed
미즈노 모렐리아 네오 IV 베타 엘리트 MD ,269000,215000,"캥거루, 인조가죽, 합성가죽","천연잔디, 인조잔디, 맨땅",3.0,2.0,186,https://www.crazy11.co.kr/shopimages/winv007/001002001057.jpg?1736145164,https://www.crazy11.co.kr/shop/shopdetail.html?branduid=809111&xcode=257&mcode=003&scode=003&type=Y&sort=order&cur_code=257&search=&GfDT=Z2l3UF0%3D,모렐리아 네오,mizuno,morelia neo,모렐리아 네오,MF, FW, DF,speed
미즈노 모렐리아 네오 IV 엘리트 MD ,239000,185000,"캥거루, 인조가죽","천연잔디, 인조잔디, 맨땅",3.0,2.0,189,https://www.crazy11.co.kr/shopimages/winv007/001002001058.jpg?1736144998,https://www.crazy11.co.kr/shop/shopdetail.html?branduid=809112&xcode=257&mcode=003&scode=003&type=Y&sort=order&cur_code=257&search=&GfDT=bmx8W11E,모렐리아 네오,mizuno,morelia neo,모렐리아 네오,MF, FW, DF,speed
미즈노 모렐리아 네오 IV 프로 AG ,169000,134000,"캥거루, 인조가죽","천연잔디, 인조잔디",2.0,2.0,221,https://www.crazy11.co.kr/shopimages/winv007/001002001062.jpg?1736929991,https://www.crazy11.co.kr/shop/shopdetail.html?branduid=809191&xcode=257&mcode=003&scode=003&type=Y&sort=order&cur_code=257&search=&GfDT=a2h3Ul8%3D,모렐리아 네오,mizuno,morelia neo,모렐리아 네오,MF, FW, DF,speed
미즈노 모렐리아 네오 IV 프로 MD ,169000,135000,"캥거루, 인조가죽","천연잔디, 인조잔디, 맨땅",2.0,2.0,224,https://www.crazy11.co.kr/shopimages/winv007/001002001060.jpg?1736148230,https://www.crazy11.co.kr/shop/shopdetail.html?branduid=809136&xcode=257&mcode=003&scode=003&type=Y&sort=order&cur_code=257&search=&GfDT=bml8W1Q%3D,모렐리아 네오,mizuno,morelia neo,모렐리아 네오,MF, FW, DF,speed
미즈노 알파 II JP  ,309000,245000,합성가죽,천연잔디,2.0,4.0,158,https://www.crazy11.co.kr/shopimages/winv007/001002001068.jpg?1739257303,https://www.crazy11.co.kr/shop/shopdetail.html?branduid=809472&xcode=257&mcode=003&scode=004&type=Y&sort=order&cur_code=257&search=&GfDT=bmt0W1Q%3D,알파,mizuno,alpha,알파,FW, MF,,speed
미즈노 알파 JP  ,309000,259000,합성가죽,"천연잔디, 인조잔디, 맨땅",2.0,4.0,180,https://www.crazy11.co.kr/shopimages/winv007/001002001027.jpg?1733717941,https://www.crazy11.co.kr/shop/shopdetail.html?branduid=807706&xcode=257&mcode=003&scode=004&type=Y&sort=order&cur_code=257&search=&GfDT=aGd3Uls%3D,알파,mizuno,alpha,알파,FW, MF,,speed
미즈노 알파 셀렉트 MD ,119000,85000,인조가죽,"천연잔디, 인조잔디",3.0,2.0,215,https://www.crazy11.co.kr/shopimages/winv007/001002001025.jpg?1733717958,https://www.crazy11.co.kr/shop/shopdetail.html?branduid=807573&xcode=257&mcode=003&scode=004&type=Y&sort=order&cur_code=257&search=&GfDT=bmt9W18%3D,알파,mizuno,alpha,알파,FW, MF,,speed
아디다스 F50 리그 AG 2G3G ,109000,75000,"인조가죽, 합성가죽",인조잔디,3.0,3.0,236,https://www.crazy11.co.kr/shopimages/winv007/001005003198.jpg?1733717909,https://www.crazy11.co.kr/shop/shopdetail.html?branduid=808414&xcode=257&mcode=002&scode=001&type=Y&sort=order&cur_code=257&search=&GfDT=bm95W19E,F50,adidas,F50,F50,FW, MF,,speed
아디다스 F50 리그 FGMG ,119000,77000,합성가죽,"천연잔디, 인조잔디, 맨땅",3.0,2.0,209,https://www.crazy11.co.kr/shopimages/winv007/001005003190.jpg?1733717907,https://www.crazy11.co.kr/shop/shopdetail.html?branduid=808379&xcode=257&mcode=002&scode=001&type=Y&sort=order&cur_code=257&search=&GfDT=bWl3UlQ%3D,F50,adidas,F50,F50,FW, MF,,speed
아디다스 F50 리그 FGMG 메시 ,129000,84000,합성가죽,"천연잔디, 인조잔디, 맨땅",3.0,2.0,209,https://www.crazy11.co.kr/shopimages/winv007/001005003204.jpg?1733717903,https://www.crazy11.co.kr/shop/shopdetail.html?branduid=808578&xcode=257&mcode=002&scode=001&type=Y&sort=order&cur_code=257&search=&GfDT=aWp3UF8%3D,F50,adidas,F50,F50,FW, MF,,speed
아디다스 F50 리그 LL FGMG ,129000,89000,합성가죽,"천연잔디, 인조잔디, 맨땅",4.0,3.0,198,https://www.crazy11.co.kr/shopimages/winv007/001005003187.jpg?1733717917,https://www.crazy11.co.kr/shop/shopdetail.html?branduid=808353&xcode=257&mcode=002&scode=001&type=Y&sort=order&cur_code=257&search=&GfDT=Zmx3UA%3D%3D,F50,adidas,F50,F50,FW, MF,,speed
아디다스 F50 리그 MG,109000,69000,합성가죽,"천연잔디, 인조잔디, 맨땅",3.0,3.0,221,https://www.crazy11.co.kr/shopimages/winv007/001005003218.jpg?1737612462,https://www.crazy11.co.kr/shop/shopdetail.html?branduid=809306&xcode=257&mcode=002&scode=001&type=Y&sort=order&cur_code=257&search=&GfDT=aWZ3VQ%3D%3D,F50,adidas,F50,F50,FW, MF,,speed
아디다스 F50 리그 MG ,109000,69000,합성가죽,"천연잔디, 인조잔디, 맨땅",3.0,3.0,221,https://www.crazy11.co.kr/shopimages/winv007/001005003192.jpg?1733717908,https://www.crazy11.co.kr/shop/shopdetail.html?branduid=808401&xcode=257&mcode=002&scode=001&type=Y&sort=order&cur_code=257&search=&GfDT=bml0W19C,F50,adidas,F50,F50,FW, MF,,speed
아디다스 F50 리그 MID FGMG ,109000,71000,합성가죽,"천연잔디, 인조잔디, 맨땅",3.0,3.0,,https://www.crazy11.co.kr/shopimages/winv007/001005003225.jpg?1738567692,https://www.crazy11.co.kr/shop/shopdetail.html?branduid=809375&xcode=257&mcode=002&scode=001&type=Y&sort=order&cur_code=257&search=&GfDT=bGZ3U1s%3D,F50,adidas,F50,F50,FW, MF,,speed
아디다스 F50 엘리트 AG  ,319000,239000,합성가죽,인조잔디,3.0,3.0,158,https://www.crazy11.co.kr/shopimages/winv007/001005003210.jpg?1737013110,https://www.crazy11.co.kr/shop/shopdetail.html?branduid=809171&xcode=257&mcode=002&scode=001&type=Y&sort=order&cur_code=257&search=&GfDT=bG13UF0%3D,F50,adidas,F50,F50,FW, MF,,speed
아디다스 F50 엘리트 AG 2G3G  ,289000,219000,합성가죽,인조잔디,3.0,3.0,244,https://www.crazy11.co.kr/shopimages/winv007/001005003189.jpg?1733717907,https://www.crazy11.co.kr/shop/shopdetail.html?branduid=808369&xcode=257&mcode=002&scode=001&type=Y&sort=order&cur_code=257&search=&GfDT=aGl3UlU%3D,F50,adidas,F50,F50,FW, MF,,speed
아디다스 F50 엘리트 FG  ,319000,235000,"인조가죽, 합성가죽",천연잔디,3.0,3.0,163,https://www.crazy11.co.kr/shopimages/winv007/001005003213.jpg?1737013063,https://www.crazy11.co.kr/shop/shopdetail.html?branduid=809189&xcode=257&mcode=002&scode=001&type=Y&sort=order&cur_code=257&search=&GfDT=bmp7W11H,F50,adidas,F50,F50,FW, MF,,speed
아디다스 F50 엘리트 FG 메시  ,299000,219000,"인조가죽, 합성가죽",천연잔디,3.0,3.0,163,https://www.crazy11.co.kr/shopimages/winv007/001005003203.jpg?1733717903,https://www.crazy11.co.kr/shop/shopdetail.html?branduid=808577&xcode=257&mcode=002&scode=001&type=Y&sort=order&cur_code=257&search=&GfDT=bm58W11A,F50,adidas,F50,F50,FW, MF,,speed
아디다스 F50 엘리트 FG 메시 LEO X BB  ,359000,359000,"인조가죽, 합성가죽",천연잔디,3.0,3.0,,https://www.crazy11.co.kr/shopimages/winv007/001005003205.jpg?1733717889,https://www.crazy11.co.kr/shop/shopdetail.html?branduid=808782&xcode=257&mcode=002&scode=001&type=Y&sort=order&cur_code=257&search=&GfDT=a2V%2FVw%3D%3D,F50,adidas,F50,F50,FW, MF,,speed
아디다스 F50 엘리트 LL FG  ,319000,239000,합성가죽,천연잔디,4.0,3.0,171,https://www.crazy11.co.kr/shopimages/winv007/001005003212.jpg?1737013079,https://www.crazy11.co.kr/shop/shopdetail.html?branduid=809173&xcode=257&mcode=002&scode=001&type=Y&sort=order&cur_code=257&search=&GfDT=bmx3UF4%3D,F50,adidas,F50,F50,FW, MF,,speed
아디다스 F50 클럽 FxG ,79000,51000,합성가죽,"천연잔디, 인조잔디, 맨땅",3.0,3.0,224,https://www.crazy11.co.kr/shopimages/winv007/001005003197.jpg?1733717909,https://www.crazy11.co.kr/shop/shopdetail.html?branduid=808413&xcode=257&mcode=002&scode=001&type=Y&sort=order&cur_code=257&search=&GfDT=aWZ3Ul0%3D,F50,adidas,F50,F50,FW, MF,,speed
아디다스 F50 프로 MG ,189000,123000,"인조가죽, 합성가죽","천연잔디, 인조잔디, 맨땅",3.0,3.0,234,https://www.crazy11.co.kr/shopimages/winv007/001005003207.jpg?1733717889,https://www.crazy11.co.kr/shop/shopdetail.html?branduid=808866&xcode=257&mcode=002&scode=001&type=Y&sort=order&cur_code=257&search=&GfDT=bGp3U1g%3D,F50,adidas,F50,F50,FW, MF,,speed
아디다스 X 고스티드3 FG  ,129000,55000,"합성가죽, 니트",천연잔디,3.0,1.0,237,https://www.crazy11.co.kr/shopimages/winv007/001005003062.jpg?1733718009,https://www.crazy11.co.kr/shop/shopdetail.html?branduid=805253&xcode=257&mcode=002&scode=002&type=Y&sort=order&cur_code=257&search=&GfDT=bmZ3UQ%3D%3D,X,adidas,X,X,FW, MF,,speed
아디다스 X 크레이지패스트 INJ1 FG ,309000,129000,"합성가죽, 니트",천연잔디,4.0,2.0,,https://www.crazy11.co.kr/shopimages/winv007/001005003053.jpg?1733718017,https://www.crazy11.co.kr/shop/shopdetail.html?branduid=804992&xcode=257&mcode=002&scode=002&type=Y&sort=order&cur_code=257&search=&GfDT=bm50W19E,X,adidas,X,X,FW, MF,,speed
아디다스 X 크레이지패스트 INJ1 LL FG  ,319000,129000,"인조가죽, 니트",천연잔디,4.0,2.0,176,https://www.crazy11.co.kr/shopimages/winv007/001005003054.jpg?1733718017,https://www.crazy11.co.kr/shop/shopdetail.html?branduid=804993&xcode=257&mcode=002&scode=002&type=Y&sort=order&cur_code=257&search=&GfDT=bml6W15N,X,adidas,X,X,FW, MF,,speed
아디다스 X 크레이지패스트 리그 FG ,119000,69000,합성가죽,천연잔디,4.0,2.0,230,https://www.crazy11.co.kr/shopimages/winv007/001005003141.jpg?1733717970,https://www.crazy11.co.kr/shop/shopdetail.html?branduid=806943&xcode=257&mcode=002&scode=002&type=Y&sort=order&cur_code=257&search=&GfDT=bml3Ulk%3D,X,adidas,X,X,FW, MF,,speed
아디다스 X 크레이지패스트 리그 LL FG ,129000,81000,합성가죽,천연잔디,5.0,1.0,229,https://www.crazy11.co.kr/shopimages/winv007/001005003131.jpg?1733717979,https://www.crazy11.co.kr/shop/shopdetail.html?branduid=806856&xcode=257&mcode=002&scode=002&type=Y&sort=order&cur_code=257&search=&GfDT=aG53Vw%3D%3D,X,adidas,X,X,FW, MF,,speed
아디다스 X 크레이지패스트 리그 MG ,109000,69000,합성가죽,"천연잔디, 인조잔디, 맨땅",4.0,2.0,239,https://www.crazy11.co.kr/shopimages/winv007/001005003132.jpg?1733717968,https://www.crazy11.co.kr/shop/shopdetail.html?branduid=806867&xcode=257&mcode=002&scode=002&type=Y&sort=order&cur_code=257&search=&GfDT=aGp3VA%3D%3D,X,adidas,X,X,FW, MF,,speed
아디다스 X 크레이지패스트 메시1 FG ,309000,119000,"합성가죽, 니트",천연잔디,4.0,2.0,184,https://www.crazy11.co.kr/shopimages/winv007/001005003057.jpg?1733718018,https://www.crazy11.co.kr/shop/shopdetail.html?branduid=805063&xcode=257&mcode=002&scode=002&type=Y&sort=order&cur_code=257&search=&GfDT=Zmd3U1k%3D,X,adidas,X,X,FW, MF,,speed
아디다스 X 크레이지패스트 엘리트 AG ,309000,179000,"합성가죽, 니트",인조잔디,3.0,3.0,178,https://www.crazy11.co.kr/shopimages/winv007/001005003090.jpg?1733717998,https://www.crazy11.co.kr/shop/shopdetail.html?branduid=806191&xcode=257&mcode=002&scode=002&type=Y&sort=order&cur_code=257&search=&GfDT=bGl3UFQ%3D,X,adidas,X,X,FW, MF,,speed
아디다스 X 크레이지패스트 엘리트 AG 2G3G ,309000,179000,"인조가죽, 니트",인조잔디,4.0,3.0,243,https://www.crazy11.co.kr/shopimages/winv007/001005003135.jpg?1733717969,https://www.crazy11.co.kr/shop/shopdetail.html?branduid=806877&xcode=257&mcode=002&scode=002&type=Y&sort=order&cur_code=257&search=&GfDT=bm99W14%3D,X,adidas,X,X,FW, MF,,speed
아디다스 X 크레이지패스트 엘리트 FG ,309000,179000,"합성가죽, 니트",천연잔디,4.0,4.0,182,https://www.crazy11.co.kr/shopimages/winv007/001005003137.jpg?1733717969,https://www.crazy11.co.kr/shop/shopdetail.html?branduid=806897&xcode=257&mcode=002&scode=002&type=Y&sort=order&cur_code=257&search=&GfDT=aGl3UQ%3D%3D,X,adidas,X,X,FW, MF,,speed
아디다스 X 크레이지패스트 엘리트 HG ,309000,179000,"합성가죽, 니트",맨땅,4.0,2.0,212,https://www.crazy11.co.kr/shopimages/winv007/001005003136.jpg?1733717969,https://www.crazy11.co.kr/shop/shopdetail.html?branduid=806883&xcode=257&mcode=002&scode=002&type=Y&sort=order&cur_code=257&search=&GfDT=bWh3UA%3D%3D,X,adidas,X,X,FW, MF,,speed
아디다스 X 크레이지패스트 엘리트 LL FG ,319000,185000,"합성가죽, 니트",천연잔디,4.0,2.0,177,https://www.crazy11.co.kr/shopimages/winv007/001005003138.jpg?1733717969,https://www.crazy11.co.kr/shop/shopdetail.html?branduid=806898&xcode=257&mcode=002&scode=002&type=Y&sort=order&cur_code=257&search=&GfDT=bm50W19N,X,adidas,X,X,FW, MF,,speed
아디다스 X 크레이지패스트 클럽 FxG ,79000,45000,"합성가죽, 니트","천연잔디, 인조잔디, 맨땅",3.0,2.0,247,https://www.crazy11.co.kr/shopimages/winv007/001005003103.jpg?1733717991,https://www.crazy11.co.kr/shop/shopdetail.html?branduid=806244&xcode=257&mcode=002&scode=002&type=Y&sort=order&cur_code=257&search=&GfDT=bmp1W11E,X,adidas,X,X,FW, MF,,speed
아디다스 X 크레이지패스트 프로 FG,189000,125000,"합성가죽, 니트",천연잔디,4.0,3.0,240,https://www.crazy11.co.kr/shopimages/winv007/001005003147.jpg?1733717971,https://www.crazy11.co.kr/shop/shopdetail.html?branduid=806952&xcode=257&mcode=002&scode=002&type=Y&sort=order&cur_code=257&search=&GfDT=amd3Ul4%3D,X,adidas,X,X,FW, MF,,speed
아디다스 X 크레이지패스트 프로 FG ,189000,99000,"합성가죽, 니트",천연잔디,4.0,3.0,240,https://www.crazy11.co.kr/shopimages/winv007/001005003106.jpg?1733717991,https://www.crazy11.co.kr/shop/shopdetail.html?branduid=806258&xcode=257&mcode=002&scode=002&type=Y&sort=order&cur_code=257&search=&GfDT=Z2Z3WQ%3D%3D,X,adidas,X,X,FW, MF,,speed
아디다스 X 크레이지패스트+ FG  ,369000,289000,"인조가죽, 합성가죽",천연잔디,4.0,2.0,160,https://www.crazy11.co.kr/shopimages/winv007/001005003146.jpg?1733717971,https://www.crazy11.co.kr/shop/shopdetail.html?branduid=806950&xcode=257&mcode=002&scode=002&type=Y&sort=order&cur_code=257&search=&GfDT=bmt3Ul8%3D,X,adidas,X,X,FW, MF,,speed
아디다스 X 크레이지패스트1 AG ,309000,149000,"합성가죽, 니트",인조잔디,4.0,2.0,181,https://www.crazy11.co.kr/shopimages/winv007/001005003071.jpg?1733718011,https://www.crazy11.co.kr/shop/shopdetail.html?branduid=805405&xcode=257&mcode=002&scode=002&type=Y&sort=order&cur_code=257&search=&GfDT=Zmx3UA%3D%3D,X,adidas,X,X,FW, MF,,speed
아디다스 X 크레이지패스트1 FG ,309000,139000,"합성가죽, 니트",천연잔디,4.0,2.0,,https://www.crazy11.co.kr/shopimages/winv007/001005003070.jpg?1733718011,https://www.crazy11.co.kr/shop/shopdetail.html?branduid=805404&xcode=257&mcode=002&scode=002&type=Y&sort=order&cur_code=257&search=&GfDT=bmt6W1Q%3D,X,adidas,X,X,FW, MF,,speed
아디다스 X 크레이지패스트1 FG  ,309000,139000,"합성가죽, 니트",천연잔디,4.0,2.0,,https://www.crazy11.co.kr/shopimages/winv007/001005003051.jpg?1734680127,https://www.crazy11.co.kr/shop/shopdetail.html?branduid=804912&xcode=257&mcode=002&scode=002&type=Y&sort=order&cur_code=257&search=&GfDT=aW13U1g%3D,X,adidas,X,X,FW, MF,,speed
아디다스 X 크레이지패스트1 LL FG ,319000,149000,"합성가죽, 니트",천연잔디,4.0,2.0,,https://www.crazy11.co.kr/shopimages/winv007/001005003072.jpg?1733718011,https://www.crazy11.co.kr/shop/shopdetail.html?branduid=805406&xcode=257&mcode=002&scode=002&type=Y&sort=order&cur_code=257&search=&GfDT=a253UlU%3D,X,adidas,X,X,FW, MF,,speed
아디다스 코파 문디알 FG 독일산 ,209000,129000,캥거루,"천연잔디, 맨땅",5.0,3.0,,https://www.crazy11.co.kr/shopimages/winv007/001005000390.jpg?1733718048,https://www.crazy11.co.kr/shop/shopdetail.html?branduid=4827&xcode=257&mcode=002&scode=004&type=Y&sort=order&cur_code=257&search=&GfDT=aWd3Uw%3D%3D,코파,adidas,copa,코파,FW, MF, DF,control
아디다스 코파 센스1 HGAG  ,269000,89000,합성가죽,"인조잔디, 맨땅",4.0,2.0,225,https://www.crazy11.co.kr/shopimages/winv007/001005003118.jpg?1733717984,https://www.crazy11.co.kr/shop/shopdetail.html?branduid=806357&xcode=257&mcode=002&scode=004&type=Y&sort=order&cur_code=257&search=&GfDT=bm17W15M,코파,adidas,copa,코파,FW, MF, DF,control
아디다스 코파 퓨어 2 리그 FG ,109000,65000,합성가죽,천연잔디,4.0,2.0,254,https://www.crazy11.co.kr/shopimages/winv007/001005003142.jpg?1733717971,https://www.crazy11.co.kr/shop/shopdetail.html?branduid=806945&xcode=257&mcode=002&scode=004&type=Y&sort=order&cur_code=257&search=&GfDT=aW93Ulg%3D,코파,adidas,copa,코파,FW, MF, DF,control
아디다스 코파 퓨어 2 리그 MG ,109000,69000,합성가죽,"천연잔디, 인조잔디, 맨땅",4.0,3.0,275,https://www.crazy11.co.kr/shopimages/winv007/001005003095.jpg?1733717989,https://www.crazy11.co.kr/shop/shopdetail.html?branduid=806205&xcode=257&mcode=002&scode=004&type=Y&sort=order&cur_code=257&search=&GfDT=bmx0W11C,코파,adidas,copa,코파,FW, MF, DF,control
아디다스 코파 퓨어 2 엘리트 FG ,289000,169000,인조가죽,천연잔디,4.0,2.0,213,https://www.crazy11.co.kr/shopimages/winv007/001005003139.jpg?1733717970,https://www.crazy11.co.kr/shop/shopdetail.html?branduid=806899&xcode=257&mcode=002&scode=004&type=Y&sort=order&cur_code=257&search=&GfDT=amV%2BWQ%3D%3D,코파,adidas,copa,코파,FW, MF, DF,control
아디다스 코파 퓨어 21 FG ,289000,149000,합성가죽,천연잔디,3.0,1.0,210,https://www.crazy11.co.kr/shopimages/winv007/001005003074.jpg?1733718012,https://www.crazy11.co.kr/shop/shopdetail.html?branduid=805436&xcode=257&mcode=002&scode=004&type=Y&sort=order&cur_code=257&search=&GfDT=bW13UlQ%3D,코파,adidas,copa,코파,FW, MF, DF,control
아디다스 코파 퓨어 21 HG ,309000,159000,합성가죽,맨땅,3.0,2.0,250,https://www.crazy11.co.kr/shopimages/winv007/001005003076.jpg?1733718002,https://www.crazy11.co.kr/shop/shopdetail.html?branduid=805439&xcode=257&mcode=002&scode=004&type=Y&sort=order&cur_code=257&search=&GfDT=aGt3Uls%3D,코파,adidas,copa,코파,FW, MF, DF,control
아디다스 코파 퓨어 3 엘리트 FG  ,269000,176000,합성가죽,천연잔디,4.0,2.0,214,https://www.crazy11.co.kr/shopimages/winv007/001005003222.jpg?1738564310,https://www.crazy11.co.kr/shop/shopdetail.html?branduid=809370&xcode=257&mcode=002&scode=004&type=Y&sort=order&cur_code=257&search=&GfDT=aGp3Ulw%3D,코파,adidas,copa,코파,FW, MF, DF,control
아디다스 코파 퓨어 II+ FG  ,359000,179000,"소가죽, 니트",천연잔디,4.0,3.0,210,https://www.crazy11.co.kr/shopimages/winv007/001005003077.jpg?1733718003,https://www.crazy11.co.kr/shop/shopdetail.html?branduid=805638&xcode=257&mcode=002&scode=004&type=Y&sort=order&cur_code=257&search=&GfDT=aGZ3Ul8%3D,코파,adidas,copa,코파,FW, MF, DF,control
아디다스 코파 퓨어 INJ1 FG ,309000,119000,소가죽,천연잔디,3.0,2.0,,https://www.crazy11.co.kr/shopimages/winv007/001005003055.jpg?1733718017,https://www.crazy11.co.kr/shop/shopdetail.html?branduid=804996&xcode=257&mcode=002&scode=004&type=Y&sort=order&cur_code=257&search=&GfDT=bmx%2FW19F,코파,adidas,copa,코파,FW, MF, DF,control
아디다스 코파 퓨어1 FG  ,289000,119000,합성가죽,천연잔디,3.0,2.0,207,https://www.crazy11.co.kr/shopimages/winv007/001005002979.jpg?1734680286,https://www.crazy11.co.kr/shop/shopdetail.html?branduid=803117&xcode=257&mcode=002&scode=004&type=Y&sort=order&cur_code=257&search=&GfDT=bGZ3Ul4%3D,코파,adidas,copa,코파,FW, MF, DF,control
아디다스 프레데터 리그 FT FG ,129000,93000,합성가죽,천연잔디,3.0,3.0,252,https://www.crazy11.co.kr/shopimages/winv007/001005003185.jpg?1733717916,https://www.crazy11.co.kr/shop/shopdetail.html?branduid=808288&xcode=257&mcode=002&scode=007&type=Y&sort=order&cur_code=257&search=&GfDT=aG13Vw%3D%3D,프레데터,adidas,predator,프레데터,MF, FW, DF,control
아디다스 프레데터 리그 FT FGMG ,129000,85000,"인조가죽, 합성가죽","천연잔디, 인조잔디, 맨땅",3.0,3.0,237,https://www.crazy11.co.kr/shopimages/winv007/001005003224.jpg?1738565961,https://www.crazy11.co.kr/shop/shopdetail.html?branduid=809373&xcode=257&mcode=002&scode=007&type=Y&sort=order&cur_code=257&search=&GfDT=bW13U1Q%3D,프레데터,adidas,predator,프레데터,MF, FW, DF,control
아디다스 프레데터 리그 LL FG ,129000,83000,"합성가죽, 니트",천연잔디,4.0,2.0,256,https://www.crazy11.co.kr/shopimages/winv007/001005003174.jpg?1733717921,https://www.crazy11.co.kr/shop/shopdetail.html?branduid=808037&xcode=257&mcode=002&scode=007&type=Y&sort=order&cur_code=257&search=&GfDT=bm14W15D,프레데터,adidas,predator,프레데터,MF, FW, DF,control
아디다스 프레데터 리그 MG ,109000,59000,합성가죽,"천연잔디, 인조잔디, 맨땅",4.0,2.0,262,https://www.crazy11.co.kr/shopimages/winv007/001005003100.jpg?1733717990,https://www.crazy11.co.kr/shop/shopdetail.html?branduid=806239&xcode=257&mcode=002&scode=007&type=Y&sort=order&cur_code=257&search=&GfDT=bmp%2BW11H,프레데터,adidas,predator,프레데터,MF, FW, DF,control
아디다스 프레데터 리그 SOCK FG,119000,75000,"합성가죽, 니트",천연잔디,4.0,3.0,260,https://www.crazy11.co.kr/shopimages/winv007/001005003148.jpg?1733717971,https://www.crazy11.co.kr/shop/shopdetail.html?branduid=806955&xcode=257&mcode=002&scode=007&type=Y&sort=order&cur_code=257&search=&GfDT=Zmx3Ul0%3D,프레데터,adidas,predator,프레데터,MF, FW, DF,control
아디다스 프레데터 리그 SOCK FG ,119000,75000,"합성가죽, 니트",천연잔디,4.0,3.0,260,https://www.crazy11.co.kr/shopimages/winv007/001005003195.jpg?1733717909,https://www.crazy11.co.kr/shop/shopdetail.html?branduid=808409&xcode=257&mcode=002&scode=007&type=Y&sort=order&cur_code=257&search=&GfDT=bml1W19H,프레데터,adidas,predator,프레데터,MF, FW, DF,control
아디다스 프레데터 리그 로우 FG,119000,77000,합성가죽,천연잔디,4.0,3.0,260,https://www.crazy11.co.kr/shopimages/winv007/001005003117.jpg?1733717984,https://www.crazy11.co.kr/shop/shopdetail.html?branduid=806349&xcode=257&mcode=002&scode=007&type=Y&sort=order&cur_code=257&search=&GfDT=bWV%2FWA%3D%3D,프레데터,adidas,predator,프레데터,MF, FW, DF,control
아디다스 프레데터 리그 로우 FG ,119000,59000,"인조가죽, 합성가죽",천연잔디,4.0,3.0,260,https://www.crazy11.co.kr/shopimages/winv007/001005003133.jpg?1733717968,https://www.crazy11.co.kr/shop/shopdetail.html?branduid=806868&xcode=257&mcode=002&scode=007&type=Y&sort=order&cur_code=257&search=&GfDT=Zmd3VQ%3D%3D,프레데터,adidas,predator,프레데터,MF, FW, DF,control
아디다스 프레데터 리그 로우 MG ,109000,59000,합성가죽,"천연잔디, 인조잔디, 맨땅",4.0,3.0,248,https://www.crazy11.co.kr/shopimages/winv007/001005003130.jpg?1733717979,https://www.crazy11.co.kr/shop/shopdetail.html?branduid=806834&xcode=257&mcode=002&scode=007&type=Y&sort=order&cur_code=257&search=&GfDT=bm99W11E,프레데터,adidas,predator,프레데터,MF, FW, DF,control
아디다스 프레데터 애큐러시 INJ1 L FG ,309000,119000,"합성가죽, 니트",천연잔디,4.0,3.0,231,https://www.crazy11.co.kr/shopimages/winv007/001005003056.jpg?1733718018,https://www.crazy11.co.kr/shop/shopdetail.html?branduid=805009&xcode=257&mcode=002&scode=007&type=Y&sort=order&cur_code=257&search=&GfDT=bmp%2FW15C,프레데터,adidas,predator,프레데터,MF, FW, DF,control
아디다스 프레데터 애큐러시+ FG  ,369000,219000,"인조가죽, 합성가죽",천연잔디,4.0,3.0,232,https://www.crazy11.co.kr/shopimages/winv007/001005003078.jpg?1733718004,https://www.crazy11.co.kr/shop/shopdetail.html?branduid=805639&xcode=257&mcode=002&scode=007&type=Y&sort=order&cur_code=257&search=&GfDT=Z2d3Ul4%3D,프레데터,adidas,predator,프레데터,MF, FW, DF,control
아디다스 프레데터 애큐러시1 FG ,309000,119000,합성가죽,천연잔디,3.0,3.0,242,https://www.crazy11.co.kr/shopimages/winv007/001005003073.jpg?1733718012,https://www.crazy11.co.kr/shop/shopdetail.html?branduid=805407&xcode=257&mcode=002&scode=007&type=Y&sort=order&cur_code=257&search=&GfDT=bmx%2FW1U%3D,프레데터,adidas,predator,프레데터,MF, FW, DF,control
아디다스 프레데터 애큐러시1 FG  ,309000,119000,합성가죽,천연잔디,3.0,3.0,242,https://www.crazy11.co.kr/shopimages/winv007/001005002994.jpg?1734680244,https://www.crazy11.co.kr/shop/shopdetail.html?branduid=803380&xcode=257&mcode=002&scode=007&type=Y&sort=order&cur_code=257&search=&GfDT=bmp3Ul8%3D,프레데터,adidas,predator,프레데터,MF, FW, DF,control
아디다스 프레데터 애큐러시1 L FG ,309000,119000,"인조가죽, 합성가죽",천연잔디,4.0,3.0,230,https://www.crazy11.co.kr/shopimages/winv007/001005003075.jpg?1733718012,https://www.crazy11.co.kr/shop/shopdetail.html?branduid=805437&xcode=257&mcode=002&scode=007&type=Y&sort=order&cur_code=257&search=&GfDT=aWt3VA%3D%3D,프레데터,adidas,predator,프레데터,MF, FW, DF,control
아디다스 프레데터 엘리트 AG 2G3G ,309000,179000,합성가죽,인조잔디,4.0,3.0,256,https://www.crazy11.co.kr/shopimages/winv007/001005003140.jpg?1733717970,https://www.crazy11.co.kr/shop/shopdetail.html?branduid=806900&xcode=257&mcode=002&scode=006&type=Y&sort=order&cur_code=257&search=&GfDT=bGt3Uls%3D,프레데터,adidas,predator,프레데터,MF, FW, DF,control
아디다스 프레데터 엘리트 FG  ,309000,199000,"인조가죽, 합성가죽",천연잔디,4.0,2.0,,https://www.crazy11.co.kr/shopimages/winv007/001005003211.jpg?1737013096,https://www.crazy11.co.kr/shop/shopdetail.html?branduid=809172&xcode=257&mcode=002&scode=006&type=Y&sort=order&cur_code=257&search=&GfDT=bmh8W11D,프레데터,adidas,predator,프레데터,MF, FW, DF,control
아디다스 프레데터 엘리트 LL AG ,319000,169000,"인조가죽, 합성가죽, 니트",인조잔디,5.0,2.0,192,https://www.crazy11.co.kr/shopimages/winv007/001005003093.jpg?1733717999,https://www.crazy11.co.kr/shop/shopdetail.html?branduid=806198&xcode=257&mcode=002&scode=007&type=Y&sort=order&cur_code=257&search=&GfDT=bmt6W11D,프레데터,adidas,predator,프레데터,MF, FW, DF,control
아디다스 프레데터 엘리트 LL FG  ,319000,169000,"합성가죽, 니트",천연잔디,4.0,2.0,182,https://www.crazy11.co.kr/shopimages/winv007/001005003149.jpg?1733717961,https://www.crazy11.co.kr/shop/shopdetail.html?branduid=806994&xcode=257&mcode=002&scode=007&type=Y&sort=order&cur_code=257&search=&GfDT=bm96W11C,프레데터,adidas,predator,프레데터,MF, FW, DF,control
아디다스 프레데터 엘리트 로우 AG ,309000,159000,"인조가죽, 합성가죽",인조잔디,4.0,2.0,207,https://www.crazy11.co.kr/shopimages/winv007/001005003091.jpg?1733717999,https://www.crazy11.co.kr/shop/shopdetail.html?branduid=806196&xcode=257&mcode=002&scode=007&type=Y&sort=order&cur_code=257&search=&GfDT=bml6W11M,프레데터,adidas,predator,프레데터,MF, FW, DF,control
아디다스 프레데터 엘리트 로우 FG  ,309000,179000,"인조가죽, 합성가죽",천연잔디,4.0,2.0,200,https://www.crazy11.co.kr/shopimages/winv007/001005003092.jpg?1733717999,https://www.crazy11.co.kr/shop/shopdetail.html?branduid=806197&xcode=257&mcode=002&scode=006&type=Y&sort=order&cur_code=257&search=&GfDT=bmh8W19E,프레데터,adidas,predator,프레데터,MF, FW, DF,control
아디다스 프레데터 엘리트 로우 HG ,309000,159000,합성가죽,맨땅,3.0,2.0,220,https://www.crazy11.co.kr/shopimages/winv007/001005003104.jpg?1733717991,https://www.crazy11.co.kr/shop/shopdetail.html?branduid=806246&xcode=257&mcode=002&scode=007&type=Y&sort=order&cur_code=257&search=&GfDT=bWp3WA%3D%3D,프레데터,adidas,predator,프레데터,MF, FW, DF,control
아디다스 프레데터 주드 벨링엄 리그 FT FG ,119000,85000,합성가죽,천연잔디,3.0,3.0,252,https://www.crazy11.co.kr/shopimages/winv007/001005003206.jpg?1733717889,https://www.crazy11.co.kr/shop/shopdetail.html?branduid=808865&xcode=257&mcode=002&scode=007&type=Y&sort=order&cur_code=257&search=&GfDT=bmx0W15B,프레데터,adidas,predator,프레데터,MF, FW, DF,control
아디다스 프레데터 클럽 FxG ,79000,49000,합성가죽,"천연잔디, 인조잔디, 맨땅",4.0,1.0,242,https://www.crazy11.co.kr/shopimages/winv007/001005003188.jpg?1733717907,https://www.crazy11.co.kr/shop/shopdetail.html?branduid=808368&xcode=257&mcode=002&scode=007&type=Y&sort=order&cur_code=257&search=&GfDT=bmV9,프레데터,adidas,predator,프레데터,MF, FW, DF,control
아디다스 프레데터 프로 FG ,189000,115000,합성가죽,천연잔디,4.0,1.0,238,https://www.crazy11.co.kr/shopimages/winv007/001005003134.jpg?1733717968,https://www.crazy11.co.kr/shop/shopdetail.html?branduid=806869&xcode=257&mcode=002&scode=007&type=Y&sort=order&cur_code=257&search=&GfDT=bm95W18%3D,프레데터,adidas,predator,프레데터,MF, FW, DF,control
아디다스 프레데터 프로 MG ,189000,109000,합성가죽,"천연잔디, 인조잔디, 맨땅",4.0,1.0,270,https://www.crazy11.co.kr/shopimages/winv007/001005003109.jpg?1733717992,https://www.crazy11.co.kr/shop/shopdetail.html?branduid=806261&xcode=257&mcode=002&scode=007&type=Y&sort=order&cur_code=257&search=&GfDT=bmt8W1k%3D,프레데터,adidas,predator,프레데터,MF, FW, DF,control
푸마 울트라 5 얼티메이트 FG ,299000,179000,"인조가죽, 합성가죽",천연잔디,5.0,4.0,181,https://www.crazy11.co.kr/shopimages/winv007/001006000971.jpg?1737011647,https://www.crazy11.co.kr/shop/shopdetail.html?branduid=807644&xcode=257&mcode=004&scode=001&type=Y&sort=order&cur_code=257&search=&GfDT=aWV8VA%3D%3D,울트라,PUMA,ultra,울트라, MF,,,speed
푸마 울트라 5 얼티메이트 FG  ,299000,209000,"인조가죽, 합성가죽",천연잔디,5.0,4.0,181,https://www.crazy11.co.kr/shopimages/winv007/001006001038.jpg?1737686481,https://www.crazy11.co.kr/shop/shopdetail.html?branduid=809233&xcode=257&mcode=004&scode=001&type=Y&sort=order&cur_code=257&search=&GfDT=bmx7W19D,울트라,PUMA,ultra,울트라, MF,,,speed
푸마 울트라 매치 플러스 LL FGAG,129000,89000,"인조가죽, 합성가죽, 니트","천연잔디, 인조잔디",4.0,3.0,226,https://www.crazy11.co.kr/shopimages/winv007/001006000959.jpg?1733717963,https://www.crazy11.co.kr/shop/shopdetail.html?branduid=807066&xcode=257&mcode=004&scode=001&type=Y&sort=order&cur_code=257&search=&GfDT=bmx7W15G,울트라,PUMA,ultra,울트라, MF,,,speed
푸마 울트라 얼티메이트 FGAG ,289000,199000,"인조가죽, 니트","천연잔디, 인조잔디",4.0,2.0,194,https://www.crazy11.co.kr/shopimages/winv007/001006000949.jpg?1733717961,https://www.crazy11.co.kr/shop/shopdetail.html?branduid=806998&xcode=257&mcode=004&scode=001&type=Y&sort=order&cur_code=257&search=&GfDT=bGd3Ulw%3D,울트라,PUMA,ultra,울트라, MF,,,speed
푸마 울트라 얼티메이트 MG ,289000,185000,"인조가죽, 니트","천연잔디, 인조잔디, 맨땅",4.0,1.0,204,https://www.crazy11.co.kr/shopimages/winv007/001006000950.jpg?1733717961,https://www.crazy11.co.kr/shop/shopdetail.html?branduid=807000&xcode=257&mcode=004&scode=001&type=Y&sort=order&cur_code=257&search=&GfDT=bmp9W15N,울트라,PUMA,ultra,울트라, MF,,,speed
푸마 울트라 프로 FGAG,179000,125000,"합성가죽, 니트","천연잔디, 인조잔디",3.0,2.0,234,https://www.crazy11.co.kr/shopimages/winv007/001006000962.jpg?1733717964,https://www.crazy11.co.kr/shop/shopdetail.html?branduid=807072&xcode=257&mcode=004&scode=001&type=Y&sort=order&cur_code=257&search=&GfDT=a2Z3U1w%3D,울트라,PUMA,ultra,울트라, MF,,,speed
푸마 울트라 프로 MG ,179000,89000,"인조가죽, 니트","천연잔디, 인조잔디, 맨땅",4.0,2.0,237,https://www.crazy11.co.kr/shopimages/winv007/001006000906.jpg?1733718010,https://www.crazy11.co.kr/shop/shopdetail.html?branduid=805333&xcode=257&mcode=004&scode=001&type=Y&sort=order&cur_code=257&search=&GfDT=Z2x3UFk%3D,울트라,PUMA,ultra,울트라, MF,,,speed
푸마 킹 얼티메이트 FGAG,259000,179000,"합성가죽, 니트","천연잔디, 인조잔디",2.0,1.0,,https://www.crazy11.co.kr/shopimages/winv007/001006000944.jpg?1733717976,https://www.crazy11.co.kr/shop/shopdetail.html?branduid=806498&xcode=257&mcode=004&scode=005&type=Y&sort=order&cur_code=257&search=&GfDT=amZ3U1w%3D,킹 얼티메이트,PUMA,king ultimate,킹 얼티메이트,,,,control
푸마 킹 얼티메이트 FGAG ,269000,175000,"합성가죽, 니트","천연잔디, 인조잔디",2.0,1.0,,https://www.crazy11.co.kr/shopimages/winv007/001006000998.jpg?1733717900,https://www.crazy11.co.kr/shop/shopdetail.html?branduid=808522&xcode=257&mcode=004&scode=005&type=Y&sort=order&cur_code=257&search=&GfDT=aW53U10%3D,킹 얼티메이트,PUMA,king ultimate,킹 얼티메이트,,,,control
푸마 킹 얼티메이트 FGAG  ,269000,169000,"합성가죽, 니트","천연잔디, 인조잔디",2.0,1.0,,https://www.crazy11.co.kr/shopimages/winv007/001006001039.jpg?1737686448,https://www.crazy11.co.kr/shop/shopdetail.html?branduid=809235&xcode=257&mcode=004&scode=005&type=Y&sort=order&cur_code=257&search=&GfDT=bmt%2FW19C,킹 얼티메이트,PUMA,king ultimate,킹 얼티메이트,,,,control
푸마 킹 얼티메이트 MG ,269000,175000,"합성가죽, 니트","천연잔디, 인조잔디, 맨땅",4.0,3.0,213,https://www.crazy11.co.kr/shopimages/winv007/001006000999.jpg?1733717901,https://www.crazy11.co.kr/shop/shopdetail.html?branduid=808523&xcode=257&mcode=004&scode=005&type=Y&sort=order&cur_code=257&search=&GfDT=aW93U1w%3D,킹 얼티메이트,PUMA,king ultimate,킹 얼티메이트,,,,control
푸마 킹 얼티메이트 MG  ,269000,175000,"합성가죽, 니트","천연잔디, 인조잔디, 맨땅",4.0,3.0,213,https://www.crazy11.co.kr/shopimages/winv007/001006001024.jpg?1737010599,https://www.crazy11.co.kr/shop/shopdetail.html?branduid=808990&xcode=257&mcode=004&scode=005&type=Y&sort=order&cur_code=257&search=&GfDT=bWV%2FUQ%3D%3D,킹 얼티메이트,PUMA,king ultimate,킹 얼티메이트,,,,control
푸마 킹 얼티메이트 에너지 FGAG  ,269000,119000,"인조가죽, 합성가죽, 니트","천연잔디, 인조잔디",5.0,3.0,,https://www.crazy11.co.kr/shopimages/winv007/001006000895.jpg?1733718017,https://www.crazy11.co.kr/shop/shopdetail.html?branduid=804957&xcode=257&mcode=004&scode=005&type=Y&sort=order&cur_code=257&search=&GfDT=ZmZ3Ulk%3D,킹 얼티메이트,PUMA,king ultimate,킹 얼티메이트,,,,control
푸마 퓨처 7 매치 플러스 LL FGAG ,129000,89000,합성가죽,"천연잔디, 인조잔디",4.0,4.0,232,https://www.crazy11.co.kr/shopimages/winv007/001006001003.jpg?1733717902,https://www.crazy11.co.kr/shop/shopdetail.html?branduid=808543&xcode=257&mcode=004&scode=007&type=Y&sort=order&cur_code=257&search=&GfDT=bm18W11C,퓨처,PUMA,future,퓨처,FW, MF, DF,comfortable
푸마 퓨처 7 얼티메이트 FGAG ,289000,169000,"인조가죽, 합성가죽, 니트","천연잔디, 인조잔디",4.0,3.0,206,https://www.crazy11.co.kr/shopimages/winv007/001006000972.jpg?1737011620,https://www.crazy11.co.kr/shop/shopdetail.html?branduid=807645&xcode=257&mcode=004&scode=007&type=Y&sort=order&cur_code=257&search=&GfDT=bm54W11A,퓨처,PUMA,future,퓨처,FW, MF, DF,comfortable
푸마 퓨처 7 얼티메이트 MG ,289000,199000,"인조가죽, 합성가죽, 니트","천연잔디, 인조잔디, 맨땅",4.0,2.0,206,https://www.crazy11.co.kr/shopimages/winv007/001006001001.jpg?1733717901,https://www.crazy11.co.kr/shop/shopdetail.html?branduid=808527&xcode=257&mcode=004&scode=007&type=Y&sort=order&cur_code=257&search=&GfDT=ZmZ3UFQ%3D,퓨처,PUMA,future,퓨처,FW, MF, DF,comfortable
푸마 퓨처 7 프로 FGAG,179000,125000,"합성가죽, 니트","천연잔디, 인조잔디",4.0,3.0,234,https://www.crazy11.co.kr/shopimages/winv007/001006001009.jpg?1733717897,https://www.crazy11.co.kr/shop/shopdetail.html?branduid=808651&xcode=257&mcode=004&scode=007&type=Y&sort=order&cur_code=257&search=&GfDT=aGZ3WQ%3D%3D,퓨처,PUMA,future,퓨처,FW, MF, DF,comfortable
푸마 퓨처 7 프로 FGAG ,179000,129000,"합성가죽, 니트","천연잔디, 인조잔디",4.0,3.0,234,https://www.crazy11.co.kr/shopimages/winv007/001006000984.jpg?1733717929,https://www.crazy11.co.kr/shop/shopdetail.html?branduid=807969&xcode=257&mcode=004&scode=007&type=Y&sort=order&cur_code=257&search=&GfDT=bml4W14%3D,퓨처,PUMA,future,퓨처,FW, MF, DF,comfortable
푸마 퓨처 7 프로 플러스 FGAG ,269000,189000,"인조가죽, 합성가죽, 니트","천연잔디, 인조잔디",4.0,4.0,237,https://www.crazy11.co.kr/shopimages/winv007/001006000954.jpg?1733717962,https://www.crazy11.co.kr/shop/shopdetail.html?branduid=807005&xcode=257&mcode=004&scode=007&type=Y&sort=order&cur_code=257&search=&GfDT=bG13U1k%3D,퓨처,PUMA,future,퓨처,FW, MF, DF,comfortable
푸마 퓨처 얼티메이트 FGAG ,289000,119000,"인조가죽, 합성가죽, 니트","천연잔디, 인조잔디",5.0,3.0,217,https://www.crazy11.co.kr/shopimages/winv007/001006000903.jpg?1733718010,https://www.crazy11.co.kr/shop/shopdetail.html?branduid=805288&xcode=257&mcode=004&scode=007&type=Y&sort=order&cur_code=257&search=&GfDT=Zml3UFw%3D,퓨처,PUMA,future,퓨처,FW, MF, DF,comfortable
푸마 퓨처 얼티메이트 MG ,289000,159000,"인조가죽, 합성가죽, 니트","천연잔디, 인조잔디, 맨땅",5.0,3.0,219,https://www.crazy11.co.kr/shopimages/winv007/001006000902.jpg?1733718009,https://www.crazy11.co.kr/shop/shopdetail.html?branduid=805287&xcode=257&mcode=004&scode=007&type=Y&sort=order&cur_code=257&search=&GfDT=bm91W15B,퓨처,PUMA,future,퓨처,FW, MF, DF,comfortable
푸마 퓨처 얼티메이트 로우 FGAG ,279000,139000,"인조가죽, 합성가죽, 니트","천연잔디, 인조잔디",5.0,3.0,211,https://www.crazy11.co.kr/shopimages/winv007/001006000901.jpg?1733718009,https://www.crazy11.co.kr/shop/shopdetail.html?branduid=805286&xcode=257&mcode=004&scode=007&type=Y&sort=order&cur_code=257&search=&GfDT=bm5%2BW11D,퓨처,PUMA,future,퓨처,FW, MF, DF,comfortable
푸마 퓨처 프로 MG ,179000,89000,"인조가죽, 합성가죽, 니트","천연잔디, 인조잔디, 맨땅",4.0,3.0,225,https://www.crazy11.co.kr/shopimages/winv007/001006000907.jpg?1733718010,https://www.crazy11.co.kr/shop/shopdetail.html?branduid=805334&xcode=257&mcode=004&scode=007&type=Y&sort=order&cur_code=257&search=&GfDT=amZ3VQ%3D%3D,퓨처,PUMA,future,퓨처,FW, MF, DF,comfortable
